ts	phase	decision	why	evidence	result
2026-09-24T19:27:09Z	frame	Scoped the debugger to NetworkClient data requests	User chose framework traffic only; the transport call is the narrow integration point	.audit/network-traffic-debugger-plan.md	baseline NetworkClientTests green
2026-09-24T19:27:13Z	design	Selected per-task delegate with a bounded recorder	It preserves injected URLSession and the existing pinning delegate; session-level hub would reject custom sessions	.audit/network-traffic-debugger-plan.md	design selected; implementation open
2026-09-24T19:28:14Z	probe	Verified per-task redirect and metrics callbacks on a real loopback request	The callback order and transaction data must be observed before relying on the integration	/tmp/networking_debug_probe.swift	redirect, two transactions, then data return
2026-09-24T19:28:20Z	probe	Excluded didCompleteWithError as an async completion barrier	The real data(for:delegate:) probe did not call it for the per-task delegate	/tmp/networking_debug_probe.swift	delegate design adjusted
2026-09-24T19:54:57Z	probe	Verified session trust challenge still reaches the session delegate	The per-task metrics delegate must not bypass SSL pinning	/tmp/networking_delegate_challenge_probe.swift	challenge, metrics, and 200 response observed
2026-09-24T20:01:52Z	integration	Ran a public API consumer against a real loopback redirect	Confirm framework-only recording, redirect order, and connection phase timing outside mock URLProtocol tests	/tmp/networking-traffic-consumer/Sources/NetworkTrafficConsumerProbe/main.swift	HTTP 200; one redirect; two transactions; connectStart and responseEnd present
2026-09-24T20:17:52Z	verification	Accepted the bounded recorder and per-task delegate implementation	The API keeps strict concurrency and preserves the injected session delegate	Packages/Networking/Tests/NetworkingRuntimeTests/NetworkTrafficRecorderIntegrationTests.swift	8 focused tests, full Networking suite, warnings-as-errors build, and SwiftLint passed
2026-09-24T20:17:52Z	boundary	Documented data-request coverage and privacy defaults	Native file transfers, background transfers, and SSE use separate transport paths	README.md	scope visible to framework users
2026-09-24T20:25:21Z	review	Assigned attempt sequence and start time in the same recorder actor operation	Concurrent tasks could otherwise have timestamp order disagree with sequence order	Packages/Networking/Tests/NetworkingRuntimeTests/NetworkTrafficRecorderIntegrationTests.swift	full Networking suite, warnings-as-errors build, and strict lint passed again
